,Registration_Date
0,2025-04-27
1,2025-10-15
2,2023-01-25
3,2024-05-30
4,2023-05-13
5,2022-05-22
6,2023-07-05
7,2025-04-30
8,2023-04-09
9,2022-07-24
10,2023-11-25
11,2025-01-17
12,2023-11-04
13,2022-05-23
14,2022-10-08
15,2024-01-29
16,2023-09-12
17,2022-10-24
18,2025-12-09
19,2024-12-13
20,2024-05-17
21,2025-07-02
22,2022-11-06
23,2024-07-18
24,2023-12-02
25,2024-03-12
26,2023-08-14
27,2022-01-03
28,2024-01-05
29,2023-03-04
31,2025-03-24
32,2023-02-11
33,2025-02-05
34,2022-06-24
35,2025-10-14
36,2024-02-08
37,2024-04-02
38,2024-11-01
39,2023-03-22
40,2024-06-25
41,2025-07-30
42,2024-03-19
43,2025-12-16
44,2025-01-02
46,2022-07-04
47,2023-05-24
48,2024-05-09
49,2023-06-10
50,2023-02-23
51,2025-07-02
52,2022-10-14
53,2024-03-25
54,2022-09-16
55,2024-01-29
56,2025-04-20
57,2023-10-23
58,2024-04-11
59,2024-11-06
60,2025-10-23
61,2025-04-20
62,2022-09-22
63,2023-12-04
64,2024-03-25
65,2023-09-03
66,
67,2023-07-10
68,2022-02-02
69,2022-07-17
70,2025-02-23
71,2023-09-22
72,2024-04-30
73,2022-03-30
74,2024-09-21
75,2024-04-16
76,2024-08-17
77,2023-01-24
78,2024-04-08
79,2024-02-20
80,2022-10-08
81,2022-10-21
82,2022-08-23
83,2022-02-25
84,2022-08-02
85,2022-06-15
86,2025-08-12
87,2023-08-26
88,2022-05-15
89,2025-08-19
90,2023-12-17
91,2025-03-23
92,2023-09-28
93,2023-05-18
94,2023-05-09
95,2023-12-22
96,2025-10-28
97,2024-05-16
98,2022-12-27
99,2023-10-20
100,2024-12-04
101,2025-04-09
102,2023-10-28
103,2025-02-01
104,2022-07-14
105,2025-07-01
106,2022-04-15
108,2024-05-30
109,2022-02-24
110,2022-04-17
111,
112,2023-07-24
113,2024-06-11
114,
115,2025-05-10
116,2025-12-10
117,2022-01-03
119,2024-11-28
120,2025-07-16
121,2024-07-21
122,2023-10-28
123,2025-07-01
124,2025-08-28
125,2022-06-25
126,2023-06-04
127,2022-05-05
128,2025-01-30
129,2025-05-26
130,2022-09-15
